{"cameraMode":{"drawMode":0,"name":"Shaded","section":"Shading Mode"},"sceneLighting":true,"audioPlay":false,"sceneViewState":{"m_AlwaysRefresh":false,"showFog":true,"showSkybox":true,"showFlares":true,"showImageEffects":true,"showParticleSystems":true,"showVisualEffectGraphs":true,"m_FxEnabled":true},"in2DMode":false,"pivot":{"x":-27.39813804626465,"y":8.587940216064454,"z":44.176631927490237},"rotation":{"x":0.056812506169080737,"y":0.8828381896018982,"z":-0.1107679083943367,"w":0.45288950204849245},"size":0.2446470856666565,"orthographic":false}